<?xml version="1.0" encoding="UTF-8"?>
<metadata xml:lang="en"><dataIdInfo><envirDesc>Microsoft Windows 7 Version 6.1 (Build 7600) ; Esri ArcGIS 10.2.0.3348</envirDesc><dataLang><languageCode value="eng"/><countryCode value="USA"/></dataLang><idCitation><resTitle>rco</resTitle><presForm><PresFormCd value="005"/></presForm></idCitation><spatRpType><SpatRepTypCd value="001"/></spatRpType></dataIdInfo><mdLang><languageCode value="eng"/><countryCode value="USA"/></mdLang><mdChar><CharSetCd value="004"/></mdChar><distInfo><distFormat><formatName>Shapefile</formatName></distFormat><distTranOps><transSize>0.004</transSize></distTranOps></distInfo><mdHrLv><ScopeCd value="005"/></mdHrLv><mdHrLvName>dataset</mdHrLvName><refSysInfo><RefSystem><refSysID><identCode code="2272"/><idCodeSpace>EPSG</idCodeSpace><idVersion>8.1.1</idVersion></refSysID></RefSystem></refSysInfo><spatRepInfo><VectSpatRep><geometObjs><geoObjTyp><GeoObjTypCd value="002"/></geoObjTyp><geoObjCnt>0</geoObjCnt></geometObjs><topLvl><TopoLevCd value="001"/></topLvl></VectSpatRep></spatRepInfo><spdoinfo><ptvctinf/></spdoinfo><eainfo><detailed><enttyp><enttypl>rco</enttypl></enttyp><attr><attrlabl>FID</attrlabl><attrdef>Internal feature number.</attrdef><attrdefs>Esri</attrdefs><attrdomv><udom>Sequential unique whole numbers that are automatically generated.</udom></attrdomv></attr><attr><attrlabl>Shape</attrlabl><attrdef>Feature geometry.</attrdef><attrdefs>Esri</attrdefs><attrdomv><udom>Coordinates defining the features.</udom></attrdomv></attr><attr><attrlabl>ORG_NAME</attrlabl></attr><attr><attrlabl>ORGANIZATI</attrlabl></attr><attr><attrlabl>ORGANIZA_1</attrlabl></attr><attr><attrlabl>MEETING_LO</attrlabl></attr><attr><attrlabl>ORG_TYPE</attrlabl></attr><attr><attrlabl>PREFFERED_</attrlabl></attr><attr><attrlabl>PRIMARY_NA</attrlabl></attr><attr><attrlabl>PRIMARY_AD</attrlabl></attr><attr><attrlabl>PRIMARY_EM</attrlabl></attr><attr><attrlabl>PRIMARY_PH</attrlabl></attr><attr><attrlabl>P_PHONE_EX</attrlabl></attr><attr><attrlabl>ALTERNATE_</attrlabl></attr><attr><attrlabl>ALTERNATE1</attrlabl></attr><attr><attrlabl>ALTERNAT_1</attrlabl></attr><attr><attrlabl>ALTERNAT_2</attrlabl></attr><attr><attrlabl>A_PHONE_EX</attrlabl></attr><attr><attrlabl>EXPIRATION</attrlabl></attr><attr><attrlabl>EFFECTIVE_</attrlabl></attr><attr><attrlabl>SHAPE_AREA</attrlabl><attrdef>Area of feature in internal units squared.</attrdef><attrdefs>Esri</attrdefs><attrdomv><udom>Positive real numbers that are automatically generated.</udom></attrdomv></attr><attr><attrlabl>SHAPE_LEN</attrlabl></attr></detailed></eainfo><mdDateSt>20140321</mdDateSt></metadata>
